"date","label"
"2020-11-16","lun. 16 nov."
"2020-11-15","dim. 15 nov."
"2020-11-14","sam. 14 nov."
"2020-11-13","ven. 13 nov."
"2020-11-12","jeu. 12 nov."
"2020-11-11","mer. 11 nov."
"2020-11-10","mar. 10 nov."
"2020-11-09","lun. 09 nov."
"2020-11-08","dim. 08 nov."
"2020-11-07","sam. 07 nov."
"2020-11-06","ven. 06 nov."
"2020-11-05","jeu. 05 nov."
"2020-11-04","mer. 04 nov."
"2020-11-03","mar. 03 nov."
"2020-11-02","lun. 02 nov."
"2020-11-01","dim. 01 nov."
"2020-10-31","sam. 31 oct."
"2020-10-30","ven. 30 oct."
"2020-10-29","jeu. 29 oct."
"2020-10-28","mer. 28 oct."
"2020-10-27","mar. 27 oct."
"2020-10-26","lun. 26 oct."
"2020-10-25","dim. 25 oct."
"2020-10-24","sam. 24 oct."
"2020-10-23","ven. 23 oct."
"2020-10-22","jeu. 22 oct."
"2020-10-21","mer. 21 oct."
"2020-10-20","mar. 20 oct."
"2020-10-19","lun. 19 oct."
"2020-10-18","dim. 18 oct."
"2020-10-17","sam. 17 oct."
"2020-10-16","ven. 16 oct."
"2020-10-15","jeu. 15 oct."
"2020-10-14","mer. 14 oct."
"2020-10-13","mar. 13 oct."
"2020-10-12","lun. 12 oct."
"2020-10-11","dim. 11 oct."
"2020-10-10","sam. 10 oct."
"2020-10-09","ven. 09 oct."
"2020-10-08","jeu. 08 oct."
"2020-10-07","mer. 07 oct."
"2020-10-06","mar. 06 oct."
"2020-10-05","lun. 05 oct."
"2020-10-04","dim. 04 oct."
"2020-10-03","sam. 03 oct."
"2020-10-02","ven. 02 oct."
"2020-10-01","jeu. 01 oct."
"2020-09-30","mer. 30 sept."
"2020-09-29","mar. 29 sept."
"2020-09-28","lun. 28 sept."
"2020-09-27","dim. 27 sept."
"2020-09-26","sam. 26 sept."
"2020-09-25","ven. 25 sept."
"2020-09-24","jeu. 24 sept."
"2020-09-23","mer. 23 sept."
"2020-09-22","mar. 22 sept."
"2020-09-21","lun. 21 sept."
"2020-09-20","dim. 20 sept."
"2020-09-19","sam. 19 sept."
"2020-09-18","ven. 18 sept."
"2020-09-17","jeu. 17 sept."
"2020-09-16","mer. 16 sept."
"2020-09-15","mar. 15 sept."
"2020-09-14","lun. 14 sept."
"2020-09-13","dim. 13 sept."
"2020-09-12","sam. 12 sept."
"2020-09-11","ven. 11 sept."
"2020-09-10","jeu. 10 sept."
"2020-09-09","mer. 09 sept."
"2020-09-08","mar. 08 sept."
"2020-09-07","lun. 07 sept."
"2020-09-06","dim. 06 sept."
"2020-09-05","sam. 05 sept."
"2020-09-04","ven. 04 sept."
"2020-09-03","jeu. 03 sept."
"2020-09-02","mer. 02 sept."
"2020-09-01","mar. 01 sept."
"2020-08-31","lun. 31 août"
"2020-08-30","dim. 30 août"
"2020-08-29","sam. 29 août"
"2020-08-28","ven. 28 août"
"2020-08-27","jeu. 27 août"
"2020-08-26","mer. 26 août"
"2020-08-25","mar. 25 août"
"2020-08-24","lun. 24 août"
"2020-08-23","dim. 23 août"
"2020-08-22","sam. 22 août"
"2020-08-21","ven. 21 août"
"2020-08-20","jeu. 20 août"
"2020-08-19","mer. 19 août"
"2020-08-18","mar. 18 août"
"2020-08-17","lun. 17 août"
"2020-08-16","dim. 16 août"
"2020-08-15","sam. 15 août"
"2020-08-14","ven. 14 août"
"2020-08-13","jeu. 13 août"
"2020-08-12","mer. 12 août"
"2020-08-11","mar. 11 août"
"2020-08-10","lun. 10 août"
"2020-08-09","dim. 09 août"
"2020-08-08","sam. 08 août"
"2020-08-07","ven. 07 août"
"2020-08-06","jeu. 06 août"
"2020-08-05","mer. 05 août"
"2020-08-04","mar. 04 août"
"2020-08-03","lun. 03 août"
"2020-08-02","dim. 02 août"
"2020-08-01","sam. 01 août"
"2020-07-31","ven. 31 juil."
"2020-07-30","jeu. 30 juil."
"2020-07-29","mer. 29 juil."
"2020-07-28","mar. 28 juil."
"2020-07-27","lun. 27 juil."
"2020-07-26","dim. 26 juil."
"2020-07-25","sam. 25 juil."
"2020-07-24","ven. 24 juil."
"2020-07-23","jeu. 23 juil."
"2020-07-22","mer. 22 juil."
"2020-07-21","mar. 21 juil."
"2020-07-20","lun. 20 juil."
"2020-07-19","dim. 19 juil."
"2020-07-18","sam. 18 juil."
"2020-07-17","ven. 17 juil."
"2020-07-16","jeu. 16 juil."
"2020-07-15","mer. 15 juil."
"2020-07-14","mar. 14 juil."
"2020-07-13","lun. 13 juil."
"2020-07-12","dim. 12 juil."
"2020-07-11","sam. 11 juil."
"2020-07-10","ven. 10 juil."
"2020-07-09","jeu. 09 juil."
"2020-07-08","mer. 08 juil."
"2020-07-07","mar. 07 juil."
"2020-07-06","lun. 06 juil."
"2020-07-05","dim. 05 juil."
"2020-07-04","sam. 04 juil."
"2020-07-03","ven. 03 juil."
"2020-07-02","jeu. 02 juil."
"2020-07-01","mer. 01 juil."
"2020-06-30","mar. 30 juin"
"2020-06-29","lun. 29 juin"
"2020-06-28","dim. 28 juin"
"2020-06-27","sam. 27 juin"
"2020-06-26","ven. 26 juin"
"2020-06-25","jeu. 25 juin"
"2020-06-24","mer. 24 juin"
"2020-06-23","mar. 23 juin"
"2020-06-22","lun. 22 juin"
"2020-06-21","dim. 21 juin"
"2020-06-20","sam. 20 juin"
"2020-06-19","ven. 19 juin"
"2020-06-18","jeu. 18 juin"
"2020-06-17","mer. 17 juin"
"2020-06-16","mar. 16 juin"
"2020-06-15","lun. 15 juin"
"2020-06-14","dim. 14 juin"
"2020-06-13","sam. 13 juin"
"2020-06-12","ven. 12 juin"
"2020-06-11","jeu. 11 juin"
"2020-06-10","mer. 10 juin"
"2020-06-09","mar. 09 juin"
"2020-06-08","lun. 08 juin"
"2020-06-07","dim. 07 juin"
"2020-06-06","sam. 06 juin"
"2020-06-05","ven. 05 juin"
"2020-06-04","jeu. 04 juin"
"2020-06-03","mer. 03 juin"
"2020-06-02","mar. 02 juin"
"2020-06-01","lun. 01 juin"
"2020-05-31","dim. 31 mai"
"2020-05-30","sam. 30 mai"
"2020-05-29","ven. 29 mai"
"2020-05-28","jeu. 28 mai"
"2020-05-27","mer. 27 mai"
"2020-05-26","mar. 26 mai"
"2020-05-25","lun. 25 mai"
"2020-05-24","dim. 24 mai"
"2020-05-23","sam. 23 mai"
"2020-05-22","ven. 22 mai"
"2020-05-21","jeu. 21 mai"
"2020-05-20","mer. 20 mai"
"2020-05-19","mar. 19 mai"
"2020-05-18","lun. 18 mai"
"2020-05-17","dim. 17 mai"
"2020-05-16","sam. 16 mai"
"2020-05-15","ven. 15 mai"
"2020-05-14","jeu. 14 mai"
"2020-05-13","mer. 13 mai"
"2020-05-12","mar. 12 mai"
"2020-05-11","lun. 11 mai"
"2020-05-10","dim. 10 mai"
"2020-05-09","sam. 09 mai"
"2020-05-08","ven. 08 mai"
"2020-05-07","jeu. 07 mai"
"2020-05-06","mer. 06 mai"
"2020-05-05","mar. 05 mai"
"2020-05-04","lun. 04 mai"
"2020-05-03","dim. 03 mai"
"2020-05-02","sam. 02 mai"
"2020-05-01","ven. 01 mai"
"2020-04-30","jeu. 30 avril"
"2020-04-29","mer. 29 avril"
"2020-04-28","mar. 28 avril"
"2020-04-27","lun. 27 avril"
"2020-04-26","dim. 26 avril"
"2020-04-25","sam. 25 avril"
"2020-04-24","ven. 24 avril"
"2020-04-23","jeu. 23 avril"
"2020-04-22","mer. 22 avril"
"2020-04-21","mar. 21 avril"
"2020-04-20","lun. 20 avril"
"2020-04-19","dim. 19 avril"
"2020-04-18","sam. 18 avril"
"2020-04-17","ven. 17 avril"
"2020-04-16","jeu. 16 avril"
"2020-04-15","mer. 15 avril"
"2020-04-14","mar. 14 avril"
"2020-04-13","lun. 13 avril"
"2020-04-12","dim. 12 avril"
"2020-04-11","sam. 11 avril"
"2020-04-10","ven. 10 avril"
"2020-04-09","jeu. 09 avril"
"2020-04-08","mer. 08 avril"
"2020-04-07","mar. 07 avril"
"2020-04-06","lun. 06 avril"
"2020-04-05","dim. 05 avril"
"2020-04-04","sam. 04 avril"
"2020-04-03","ven. 03 avril"
"2020-04-02","jeu. 02 avril"
"2020-04-01","mer. 01 avril"
"2020-03-31","mar. 31 mars"
"2020-03-30","lun. 30 mars"
"2020-03-29","dim. 29 mars"
"2020-03-28","sam. 28 mars"
"2020-03-27","ven. 27 mars"
"2020-03-26","jeu. 26 mars"
"2020-03-25","mer. 25 mars"
"2020-03-24","mar. 24 mars"
"2020-03-23","lun. 23 mars"
"2020-03-22","dim. 22 mars"
"2020-03-21","sam. 21 mars"
"2020-03-20","ven. 20 mars"
"2020-03-19","jeu. 19 mars"
"2020-03-18","mer. 18 mars"
